id,poc_name,poc_email,admin_poc
1,Carolee Borges,cborges0@biglobe.ne.jp,11
2,Jeri Kensley,jkensley1@zimbio.com,27
3,Remington Southerell,rsoutherell2@cornell.edu,3
4,Matthieu Cranage,mcranage3@a8.net,6
5,Shirley de Villier,sde4@slideshare.net,1
6,Lia Boland,lboland5@theguardian.com,19
7,Ciro Valance,cvalance6@smugmug.com,28
8,Kathe Lofty,klofty7@cam.ac.uk,24
9,Ddene Cruise,dcruise8@amazon.co.uk,6
10,Jody Corkill,jcorkill9@istockphoto.com,29
11,Tierney De Vile,tdea@infoseek.co.jp,13
12,Carter Godly,cgodlyb@ning.com,16
13,Portie Omand,pomandc@tripadvisor.com,18
14,Rayna Crowest,rcrowestd@apache.org,30
15,Eduardo Corkitt,ecorkitte@nymag.com,28
16,Wynny Mosco,wmoscof@bluehost.com,18
17,Leda Ferrettino,lferrettinog@discuz.net,4
18,Ilyssa Farnie,ifarnieh@twitter.com,15
19,Anni Jendrich,ajendrichi@newsvine.com,29
20,Carlota Kleinlerer,ckleinlererj@stumbleupon.com,2
21,Josiah Sandeford,jsandefordk@ox.ac.uk,23
22,Arly Denyagin,adenyaginl@arizona.edu,28
23,Raoul Villa,rvillam@intel.com,27
24,Aldous Jacob,ajacobn@csmonitor.com,20
25,Kingston Fey,kfeyo@google.cn,4
26,Dyane Marchment,dmarchmentp@topsy.com,15
27,Melisandra Staneland,mstanelandq@google.com.hk,9
28,Horacio Parysowna,hparysownar@upenn.edu,19
29,Hugo Limeburn,hlimeburns@zimbio.com,4
30,Glynnis Loidl,gloidlt@feedburner.com,4
31,Eugine Scibsey,escibseyu@nhs.uk,1
32,Port Wollen,pwollenv@go.com,11
33,Kaela Van Arsdall,kvanw@slideshare.net,23
34,Robbin Instrell,rinstrellx@globo.com,26
35,Velma Grellis,vgrellisy@blog.com,16
36,Neils Sterman,nstermanz@last.fm,30
37,Cris Moulton,cmoulton10@sciencedirect.com,23
38,Dud Undrill,dundrill11@free.fr,7
39,Duffie Ganderton,dganderton12@patch.com,5
40,Mignon Marshal,mmarshal13@photobucket.com,20
41,Cathi Jursch,cjursch14@vistaprint.com,1
42,Melli Clementucci,mclementucci15@sfgate.com,26
43,Bertie McBrady,bmcbrady16@fotki.com,16
44,Jephthah Bottrell,jbottrell17@sourceforge.net,1
45,Milka Heimes,mheimes18@typepad.com,1
46,Jaquenetta Stickells,jstickells19@ocn.ne.jp,8
47,Davita Stokes,dstokes1a@weibo.com,3
48,Rakel Kemer,rkemer1b@craigslist.org,26
49,Verene MacDonald,vmacdonald1c@nps.gov,25
50,Ollie Carnaman,ocarnaman1d@networksolutions.com,1
51,Neils Clamo,nclamo1e@goodreads.com,10
52,Brucie Pilger,bpilger1f@google.ru,18
53,Raul Andreev,randreev1g@altervista.org,22
54,Sue Barthel,sbarthel1h@vimeo.com,30
55,Dora Burgett,dburgett1i@squarespace.com,27
56,Seth Seid,sseid1j@disqus.com,14
57,Jeffy Veness,jveness1k@marketwatch.com,28
58,Allin Duckering,aduckering1l@goo.ne.jp,2
59,Dwain Darlaston,ddarlaston1m@yandex.ru,18
60,Bradley Dod,bdod1n@tripadvisor.com,14
61,Salomo Jenny,sjenny1o@youtube.com,7
62,Linn Dowdall,ldowdall1p@xing.com,7
63,Wang Burrell,wburrell1q@yellowpages.com,27
64,Garret Grosvenor,ggrosvenor1r@discuz.net,3
65,Walsh Habishaw,whabishaw1s@e-recht24.de,25
66,Codi Whinney,cwhinney1t@1688.com,7
67,Gaby Bakeup,gbakeup1u@home.pl,5
68,Brena Cuolahan,bcuolahan1v@theatlantic.com,16
69,Danny Hiley,dhiley1w@epa.gov,3
70,Deloris Emmert,demmert1x@topsy.com,11
71,Harrison Durrant,hdurrant1y@marriott.com,4
72,Consalve Steer,csteer1z@wordpress.com,29
73,Dill Lace,dlace20@weibo.com,9
74,Harwell Eat,heat21@rediff.com,8
75,Mercy Mathis,mmathis22@newyorker.com,26
76,Tracy Ballaam,tballaam23@yolasite.com,3
77,Laraine Snalum,lsnalum24@list-manage.com,5
78,Efrem Hallock,ehallock25@sphinn.com,20
79,Sukey Bavester,sbavester26@yahoo.com,19
80,Tammara McLucas,tmclucas27@elegantthemes.com,21
81,Morganica Mc Corley,mmc28@odnoklassniki.ru,4
82,Waiter Albon,walbon29@unesco.org,2
83,Cordy Frood,cfrood2a@oracle.com,15
84,Mariette Hanhardt,mhanhardt2b@ycombinator.com,27
85,Wren Jacop,wjacop2c@rakuten.co.jp,10
86,Gannon Stuehmeier,gstuehmeier2d@mayoclinic.com,9
87,Sargent Mc Gaughey,smc2e@cam.ac.uk,15
88,Rafe Naisbit,rnaisbit2f@blogtalkradio.com,1
89,Page Brandham,pbrandham2g@marriott.com,22
90,Riobard Vince,rvince2h@google.cn,8
91,Giorgi Havis,ghavis2i@elpais.com,27
92,Cori Crabbe,ccrabbe2j@phpbb.com,12
93,Evaleen Colborn,ecolborn2k@google.it,29
94,Carilyn Ainger,cainger2l@aol.com,15
95,Isiahi Burnitt,iburnitt2m@hp.com,23
96,Cloris Rosentholer,crosentholer2n@addtoany.com,9
97,Aviva Kremer,akremer2o@unesco.org,20
98,Tera Kuhnhardt,tkuhnhardt2p@amazon.de,27
99,Dorena Oades,doades2q@wordpress.org,7
100,Giorgi Dulinty,gdulinty2r@usda.gov,28
101,Milly Mergue,mmergue2s@clickbank.net,7
102,Dianemarie Christie,dchristie2t@mlb.com,24
103,Lauren Slessor,lslessor2u@nasa.gov,16
104,Adeline Dashkovich,adashkovich2v@ftc.gov,12
105,Judith Zelake,jzelake2w@xinhuanet.com,4
106,Emmalee Castaignet,ecastaignet2x@columbia.edu,7
107,Jasun Popley,jpopley2y@shareasale.com,4
108,Merle Billinge,mbillinge2z@google.fr,27
109,Indira Whittlesey,iwhittlesey30@tamu.edu,5
110,Abbie Milkins,amilkins31@independent.co.uk,29
111,Cathi Bernollet,cbernollet32@baidu.com,12
112,Norah Arnoll,narnoll33@usnews.com,16
113,Farlay Tasker,ftasker34@ocn.ne.jp,4
114,Wash Kelcher,wkelcher35@accuweather.com,1
115,Urbanus McCord,umccord36@hatena.ne.jp,18
116,Jeramie Dorot,jdorot37@themeforest.net,18
117,Liliane Gooderson,lgooderson38@biblegateway.com,3
118,Claudianus Boom,cboom39@mapquest.com,22
119,Bride Thwaite,bthwaite3a@dyndns.org,27
120,Lorie Abrahart,labrahart3b@liveinternet.ru,5
121,Rem Drage,rdrage3c@berkeley.edu,12
122,Gannon Nigh,gnigh3d@microsoft.com,17
123,Filippa Coney,fconey3e@nyu.edu,30
124,Irwin Mertel,imertel3f@dailymotion.com,21
125,Pooh Dermot,pdermot3g@ucla.edu,11
126,Darya Bustin,dbustin3h@jalbum.net,15
127,Deeyn Antonik,dantonik3i@sphinn.com,2
128,Orelia O'Collopy,oocollopy3j@amazon.co.uk,13
129,Cornelia Lowthian,clowthian3k@php.net,5
130,Alic Dunnan,adunnan3l@blogger.com,30
131,Micah Speachley,mspeachley3m@zimbio.com,18
132,Dodie Shawley,dshawley3n@delicious.com,29
133,Sigfried Loney,sloney3o@home.pl,19
134,Dominica Jurkiewicz,djurkiewicz3p@fastcompany.com,23
135,Brianna Thirst,bthirst3q@netlog.com,23
136,Ninon McGiff,nmcgiff3r@google.com,5
137,Kaspar Hannibal,khannibal3s@domainmarket.com,1
138,Mariann Rysdale,mrysdale3t@baidu.com,28
139,Jennine Wills,jwills3u@google.it,27
140,Cecile Thorlby,cthorlby3v@buzzfeed.com,6
141,Josephina Hellicar,jhellicar3w@paypal.com,1
142,Roselia Heineken,rheineken3x@51.la,6
143,Vonni Lauchlan,vlauchlan3y@ucla.edu,21
144,Emmalee Penhall,epenhall3z@mapquest.com,19
145,Analise Conan,aconan40@dagondesign.com,8
146,Nola Mantha,nmantha41@nsw.gov.au,19
147,Lincoln Battabee,lbattabee42@army.mil,22
148,Riobard Piola,rpiola43@usa.gov,20
149,Josi Gazzard,jgazzard44@mtv.com,26
150,Daryn Everist,deverist45@ow.ly,25
151,Koo Savege,ksavege46@paypal.com,17
152,Jared Cloney,jcloney47@tuttocitta.it,9
153,Mattias Oiller,moiller48@msu.edu,11
154,Darill Hadny,dhadny49@topsy.com,1
155,Filberto Aird,faird4a@house.gov,2
156,Emmey Huthart,ehuthart4b@abc.net.au,10
157,Anselma Ingleby,aingleby4c@infoseek.co.jp,6
158,Donnie Reddy,dreddy4d@blogtalkradio.com,1
159,Elsy Bompass,ebompass4e@ucoz.ru,16
160,Heindrick Chattington,hchattington4f@earthlink.net,19
161,Lillis Hackney,lhackney4g@cnn.com,1
162,Kimberley Dalgarnocht,kdalgarnocht4h@telegraph.co.uk,5
163,Tobit Klimentov,tklimentov4i@newyorker.com,7
164,Bryana Chadburn,bchadburn4j@e-recht24.de,30
165,Jackie Skiggs,jskiggs4k@scientificamerican.com,27
166,Wallis Wehden,wwehden4l@ucsd.edu,10
167,Cory Lidell,clidell4m@last.fm,11
168,Myca Firebrace,mfirebrace4n@nba.com,27
169,Emily Bolland,ebolland4o@lulu.com,26
170,Florentia Bentame,fbentame4p@studiopress.com,15
171,Dyan Juris,djuris4q@nps.gov,27
172,Adan Braim,abraim4r@wp.com,15
173,Indira Huntriss,ihuntriss4s@nbcnews.com,2
174,Willy Salvador,wsalvador4t@wsj.com,20
175,Cathi Aliman,caliman4u@tripadvisor.com,2
176,Moses Vyse,mvyse4v@macromedia.com,13
177,Willard Hartwright,whartwright4w@bravesites.com,25
178,Jaclin Errol,jerrol4x@shareasale.com,4
179,Verna Lelande,vlelande4y@craigslist.org,22
180,Horatius Branchett,hbranchett4z@howstuffworks.com,30
181,Jorey MacKellar,jmackellar50@bloglines.com,12
182,Raphael Suggitt,rsuggitt51@tinyurl.com,25
183,Demetria Wilkennson,dwilkennson52@goo.gl,8
184,Sydelle Stute,sstute53@digg.com,9
185,Sergei Bearns,sbearns54@homestead.com,27
186,Torey McKirton,tmckirton55@skyrock.com,22
187,Janie Minette,jminette56@ning.com,26
188,Doti Scarr,dscarr57@sourceforge.net,25
189,Ileane Sherwin,isherwin58@goo.ne.jp,11
190,Karalynn Burles,kburles59@w3.org,11
191,Ariela Chesshire,achesshire5a@delicious.com,6
192,Minetta Iggalden,miggalden5b@psu.edu,4
193,Sadella Simister,ssimister5c@elegantthemes.com,21
194,Auberon Sigert,asigert5d@mediafire.com,12
195,Angelique Bortolini,abortolini5e@imgur.com,23
196,Averell Durman,adurman5f@webmd.com,25
197,Shurlock Dutnell,sdutnell5g@bbc.co.uk,22
198,Jeffy Nornasell,jnornasell5h@tumblr.com,15
199,Germain Quinlan,gquinlan5i@tumblr.com,16
200,Tine Franchi,tfranchi5j@devhub.com,24
201,Octavia Glantz,oglantz5k@yale.edu,21
202,Emelia Geratasch,egeratasch5l@mediafire.com,11
203,Celka Donkersley,cdonkersley5m@sphinn.com,6
204,Xenos Charnock,xcharnock5n@cdc.gov,20
205,Lorinda Klaves,lklaves5o@yahoo.co.jp,14
206,Johnette Bartelet,jbartelet5p@netvibes.com,29
207,Florella Borsi,fborsi5q@marriott.com,13
208,Jacenta Pyne,jpyne5r@jiathis.com,3
209,Kendra Farrear,kfarrear5s@imageshack.us,19
210,Michal Pavelin,mpavelin5t@google.co.uk,14
211,Lilith Flips,lflips5u@nature.com,15
212,Pattin Thiolier,pthiolier5v@xing.com,28
213,Austin Baudts,abaudts5w@creativecommons.org,11
214,Shandie Greeve,sgreeve5x@rambler.ru,16
215,Lanie Mistry,lmistry5y@soundcloud.com,4
216,Ignaz Facchini,ifacchini5z@blinklist.com,17
217,Dannie Stanaway,dstanaway60@illinois.edu,17
218,Debby Coda,dcoda61@yandex.ru,5
219,Brewer Elcome,belcome62@microsoft.com,21
220,Augustine Harse,aharse63@netscape.com,7
221,Sallyann Keward,skeward64@businessweek.com,26
222,Hollie Morrilly,hmorrilly65@hc360.com,5
223,Leigh Leverson,lleverson66@cam.ac.uk,14
224,Thacher Morat,tmorat67@amazon.co.jp,17
225,Brian Shepheard,bshepheard68@livejournal.com,4
226,Trev Abramof,tabramof69@unicef.org,28
227,Link Bacon,lbacon6a@opensource.org,25
228,Dougie Fairtlough,dfairtlough6b@sfgate.com,4
229,Hendrik Kensington,hkensington6c@intel.com,11
230,Eolanda Easen,eeasen6d@goo.ne.jp,12
231,Erik Skedgell,eskedgell6e@economist.com,11
232,Anatollo Forsbey,aforsbey6f@livejournal.com,29
233,Alix Lockyer,alockyer6g@uiuc.edu,17
234,Chevy Tongs,ctongs6h@wiley.com,20
235,Mariann Rickman,mrickman6i@squidoo.com,10
236,Kristine Muffin,kmuffin6j@jiathis.com,22
237,Devin Roast,droast6k@printfriendly.com,27
238,Tessy Brezlaw,tbrezlaw6l@topsy.com,20
239,Mahmud Spataro,mspataro6m@cbslocal.com,4
240,Bebe Teanby,bteanby6n@eepurl.com,28
241,Skip Delgado,sdelgado6o@posterous.com,27
242,Noelle Gouly,ngouly6p@netlog.com,3
243,Marjory Waywell,mwaywell6q@cloudflare.com,15
244,Des Fuzzard,dfuzzard6r@epa.gov,16
245,Cyndia Dethloff,cdethloff6s@163.com,24
246,Ryon Strelitzki,rstrelitzki6t@youtube.com,3
247,Elwyn Buckett,ebuckett6u@geocities.com,8
248,Erhard Ahrenius,eahrenius6v@loc.gov,16
249,Gisella Tennet,gtennet6w@amazon.co.jp,12
250,Susan Gratland,sgratland6x@netvibes.com,3
251,Gretal Huge,ghuge6y@imdb.com,5
252,Dasya Shill,dshill6z@sohu.com,4
253,Karolina Crandon,kcrandon70@yahoo.co.jp,3
254,Marty Earry,mearry71@symantec.com,19
255,Goldi Welfair,gwelfair72@npr.org,19
256,Anne-marie Hassen,ahassen73@friendfeed.com,29
257,Niels Ralling,nralling74@quantcast.com,1
258,Byrle Dredge,bdredge75@cam.ac.uk,20
259,Nelli Branford,nbranford76@senate.gov,28
260,Franky Whitlock,fwhitlock77@mtv.com,17
261,Jesselyn Bendtsen,jbendtsen78@ucoz.com,29
262,Elana Carrigan,ecarrigan79@comsenz.com,30
263,Rossy Kernell,rkernell7a@statcounter.com,13
264,Zorana Mundee,zmundee7b@ifeng.com,14
265,Iosep Edworthie,iedworthie7c@boston.com,28
266,Lemmy Dils,ldils7d@i2i.jp,11
267,Abbe Red,ared7e@howstuffworks.com,15
268,Zeke Gotcher,zgotcher7f@digg.com,3
269,Chrystal Giabuzzi,cgiabuzzi7g@businessweek.com,16
270,Norry Hellicar,nhellicar7h@mozilla.org,24
271,Alejandrina Pullar,apullar7i@va.gov,22
272,Orrin Seargeant,oseargeant7j@devhub.com,15
273,Taddeo Spring,tspring7k@howstuffworks.com,13
274,Reina Batterbee,rbatterbee7l@furl.net,2
275,Noreen Dugget,ndugget7m@drupal.org,10
276,Jordan Barling,jbarling7n@4shared.com,25
277,Teddy Dyne,tdyne7o@last.fm,28
278,Zuzana Cregg,zcregg7p@apache.org,3
279,Isak Treuge,itreuge7q@surveymonkey.com,21
280,Paulie Huntly,phuntly7r@youtube.com,5
281,Husein Dowsett,hdowsett7s@ed.gov,1
282,Steward Kermannes,skermannes7t@buzzfeed.com,2
283,Lorraine Gresser,lgresser7u@economist.com,26
284,Correna Vitall,cvitall7v@webs.com,25
285,Elka Mochar,emochar7w@cbsnews.com,20
286,Tam Timcke,ttimcke7x@friendfeed.com,28
287,Gusti Benkhe,gbenkhe7y@blogs.com,6
288,Colin Widdecombe,cwiddecombe7z@sakura.ne.jp,29
289,Elliott Bouchard,ebouchard80@github.io,6
290,Benny Wickardt,bwickardt81@merriam-webster.com,29
291,Horatio Hing,hhing82@example.com,10
292,Vere Manthorpe,vmanthorpe83@indiegogo.com,25
293,Farica Eke,feke84@abc.net.au,14
294,Reamonn Evett,revett85@de.vu,25
295,Daloris Cicconetti,dcicconetti86@mapy.cz,10
296,Rollin Gomar,rgomar87@columbia.edu,17
297,Skye Dumblton,sdumblton88@cbc.ca,5
298,Glenda Lindelof,glindelof89@stumbleupon.com,1
299,Trudey Arderne,tarderne8a@artisteer.com,13
300,Irv Elsmore,ielsmore8b@phoca.cz,10
301,Taryn Ismead,tismead8c@seesaa.net,23
302,Pacorro Skures,pskures8d@amazon.de,10
303,Micaela Whaplington,mwhaplington8e@weibo.com,28
304,Kara-lynn Scrivener,kscrivener8f@walmart.com,18
305,Richard Westell,rwestell8g@123-reg.co.uk,13
306,Harwell Martino,hmartino8h@blogs.com,21
307,Vaclav Glasser,vglasser8i@zimbio.com,6
308,Lia Kildale,lkildale8j@plala.or.jp,15
309,Carmine Fluck,cfluck8k@opera.com,12
310,Tiffanie MacFadyen,tmacfadyen8l@google.pl,1
311,Henrie Vandrill,hvandrill8m@answers.com,5
312,Mordy Redsull,mredsull8n@nbcnews.com,24
313,Malissa Regina,mregina8o@nifty.com,28
314,Osmund Guilloux,oguilloux8p@fda.gov,10
315,Thelma Copcutt,tcopcutt8q@parallels.com,29
316,Pieter Boutellier,pboutellier8r@gov.uk,30
317,Sondra Loweth,sloweth8s@si.edu,21
318,Rosalinde Darlasson,rdarlasson8t@pinterest.com,28
319,Frans Crim,fcrim8u@last.fm,18
320,Jody Gorrie,jgorrie8v@unc.edu,2
321,Rozalin Furse,rfurse8w@youtube.com,1
322,Deane Breede,dbreede8x@earthlink.net,3
323,Scarlet Tittletross,stittletross8y@wikimedia.org,2
324,Hestia Wraggs,hwraggs8z@google.nl,9
325,Annabell Detheridge,adetheridge90@cpanel.net,16
326,Samara Winning,swinning91@sourceforge.net,19
327,Faunie Guilaem,fguilaem92@xinhuanet.com,26
328,Rosalynd Rickasse,rrickasse93@symantec.com,5
329,Raffaello Mateja,rmateja94@chicagotribune.com,28
330,Chelsea Bowes,cbowes95@economist.com,27
331,Devora Ondrasek,dondrasek96@jimdo.com,19
332,Christoper Culleton,cculleton97@nbcnews.com,11
333,Veda Lovick,vlovick98@senate.gov,18
334,Magdalene Androsik,mandrosik99@xrea.com,24
335,Claudina Narbett,cnarbett9a@springer.com,3
336,Britni Haslen,bhaslen9b@chron.com,5
337,Correna Hovie,chovie9c@yandex.ru,27
338,Reba Luton,rluton9d@bing.com,23
339,Edik Meharg,emeharg9e@cloudflare.com,11
340,Dacie Filasov,dfilasov9f@ask.com,28
341,Katerina Marciek,kmarciek9g@lulu.com,5
342,Eziechiele Dupre,edupre9h@mail.ru,16
343,Sibylle Kilbourn,skilbourn9i@yandex.ru,17
344,Normand Bril,nbril9j@smh.com.au,8
345,Augustus Peyto,apeyto9k@xing.com,27
346,Osborn Farragher,ofarragher9l@github.io,21
347,Cordie Gunby,cgunby9m@hostgator.com,12
348,Evelyn Tunbridge,etunbridge9n@nih.gov,4
349,Hobey Crole,hcrole9o@state.gov,7
350,Berte Dolton,bdolton9p@wiley.com,7
351,Biron Hexter,bhexter9q@topsy.com,22
352,Keelia Eustanch,keustanch9r@github.io,6
353,Randolph Maiklem,rmaiklem9s@ibm.com,26
354,Shayna Newarte,snewarte9t@comcast.net,26
355,Bowie Brisco,bbrisco9u@craigslist.org,8
356,Bronny Mc Combe,bmc9v@ask.com,23
357,Sawyer Kopfer,skopfer9w@posterous.com,23
358,Veriee Gostage,vgostage9x@auda.org.au,25
359,Myrah Norsworthy,mnorsworthy9y@answers.com,7
360,Rozina Blewmen,rblewmen9z@typepad.com,10
361,Maxie Bracher,mbrachera0@spotify.com,1
362,Lexie Martinelli,lmartinellia1@gnu.org,14
363,Maitilde Easlea,measleaa2@aol.com,25
364,Gisella Mobius,gmobiusa3@tripod.com,7
365,Ailene Charlesworth,acharleswortha4@weebly.com,1
366,Sterne Pinar,spinara5@sfgate.com,17
367,Hatti Cohen,hcohena6@zimbio.com,5
368,Andriana Baudic,abaudica7@soundcloud.com,9
369,Gilbertina Kayes,gkayesa8@prnewswire.com,25
370,Jolyn Minette,jminettea9@bluehost.com,19
371,Jami Dmitrichenko,jdmitrichenkoaa@nsw.gov.au,7
372,Carr Athy,cathyab@accuweather.com,18
373,Nealy Zettoi,nzettoiac@craigslist.org,19
374,Rhiamon Bertenshaw,rbertenshawad@ftc.gov,1
375,Felicio Frediani,ffredianiae@quantcast.com,14
376,Georg Aldwinckle,galdwinckleaf@ask.com,21
377,Sharai Tybalt,stybaltag@behance.net,6
378,Bentley Cheales,bchealesah@bing.com,17
379,Cissiee McKeady,cmckeadyai@patch.com,28
380,Helene Rablan,hrablanaj@pcworld.com,7
381,Jeddy Opfer,jopferak@nhs.uk,24
382,Holly Braam,hbraamal@bloglines.com,26
383,Flinn Ratnege,fratnegeam@pbs.org,8
384,Lazar Kinker,lkinkeran@prweb.com,30
385,Jacintha Pryor,jpryorao@hostgator.com,8
386,Perry Maiklem,pmaiklemap@illinois.edu,21
387,Eugine Johnys,ejohnysaq@is.gd,25
388,Rachael Foulger,rfoulgerar@dagondesign.com,9
389,Kris Fontell,kfontellas@yellowpages.com,12
390,Hesther Le Provest,hleat@weebly.com,9
391,Toma Simpson,tsimpsonau@spotify.com,13
392,Javier O'Scollee,joscolleeav@wikispaces.com,11
393,Bron Kelley,bkelleyaw@gizmodo.com,29
394,Jeralee Arkcoll,jarkcollax@blinklist.com,13
395,Melloney Mogenot,mmogenotay@people.com.cn,25
396,Dael Duggon,dduggonaz@msu.edu,4
397,Steffane Luard,sluardb0@squarespace.com,27
398,Henrieta Hegarty,hhegartyb1@icio.us,20
399,Alina Backwell,abackwellb2@samsung.com,6
400,Lorelle Oldroyde,loldroydeb3@icio.us,2
401,Goldia Groocock,ggroocockb4@deviantart.com,25
402,Jeannie Dickin,jdickinb5@surveymonkey.com,28
403,Dulsea Veracruysse,dveracruysseb6@yelp.com,16
404,Blondell Bockin,bbockinb7@salon.com,20
405,Shandy Fido,sfidob8@reference.com,21
406,Carry Sloane,csloaneb9@upenn.edu,15
407,Sydney Henmarsh,shenmarshba@barnesandnoble.com,11
408,Fulvia Lisciardelli,flisciardellibb@hp.com,27
409,Brendin Creagh,bcreaghbc@yandex.ru,23
410,Romola Scarasbrick,rscarasbrickbd@zdnet.com,9
411,Fran Sarfati,fsarfatibe@fc2.com,26
412,Carlynne Scrace,cscracebf@blogs.com,27
413,Heinrick Franchyonok,hfranchyonokbg@dell.com,29
414,Krisha O'Scannill,koscannillbh@sitemeter.com,5
415,Ernst Pendlenton,ependlentonbi@diigo.com,10
416,Lewes Rudiger,lrudigerbj@webmd.com,17
417,Bail Rabb,brabbbk@skype.com,22
418,Erie Silverson,esilversonbl@imdb.com,19
419,Rosalinda Egleton,regletonbm@vk.com,26
420,Guillemette Prettjohn,gprettjohnbn@php.net,3
421,Bev Molohan,bmolohanbo@tmall.com,6
422,Jeralee Goshawk,jgoshawkbp@t.co,8
423,Theodora Golledge,tgolledgebq@hibu.com,15
424,Rockwell Wash,rwashbr@washington.edu,7
425,Angeline Cousins,acousinsbs@bizjournals.com,20
426,Moria Casarili,mcasarilibt@tripod.com,29
427,Pru Stubley,pstubleybu@loc.gov,22
428,Tomi Simoneschi,tsimoneschibv@technorati.com,14
429,Bartholomew Triggle,btrigglebw@dedecms.com,7
430,Gery Alliberton,gallibertonbx@webnode.com,27
431,Regen Rignall,rrignallby@phpbb.com,10
432,Engracia Uphill,euphillbz@goo.gl,22
433,Hershel MacGaughy,hmacgaughyc0@blogspot.com,5
434,Shirline Solomonides,ssolomonidesc1@wiley.com,22
435,Trixy Scud,tscudc2@technorati.com,16
436,Dalenna Gercke,dgerckec3@ameblo.jp,29
437,Emelda Gridley,egridleyc4@usgs.gov,9
438,Yvonne Soane,ysoanec5@mysql.com,26
439,Cornelius McIntosh,cmcintoshc6@squidoo.com,24
440,Glyn Gerhts,ggerhtsc7@google.com.br,20
441,Berkie Surtees,bsurteesc8@parallels.com,12
442,Sela Biddles,sbiddlesc9@intel.com,20
443,Clerissa Truckett,ctruckettca@seattletimes.com,2
444,Demetria Olivie,doliviecb@google.de,28
445,Gregorio Hundall,ghundallcc@msn.com,8
446,Burton Grigsby,bgrigsbycd@msu.edu,25
447,Patrizius Raeburn,praeburnce@yelp.com,18
448,Brenda Francie,bfranciecf@yellowpages.com,5
449,Aline Reeds,areedscg@stanford.edu,5
450,Sharity Bonnett,sbonnettch@printfriendly.com,4
451,Luke Michiel,lmichielci@123-reg.co.uk,13
452,Geno Neubigging,gneubiggingcj@oakley.com,9
453,Fabiano Tredgold,ftredgoldck@google.co.uk,18
454,Porter MacCaghan,pmaccaghancl@newyorker.com,10
455,Charlie Doumenc,cdoumenccm@nba.com,19
456,Mariam Gamett,mgamettcn@independent.co.uk,10
457,Karlie Rizzini,krizzinico@ebay.com,22
458,Billye Diego,bdiegocp@canalblog.com,28
459,Alina Pinck,apinckcq@squidoo.com,18
460,Gherardo Blenkinsopp,gblenkinsoppcr@gmpg.org,27
461,Ferguson Dawdary,fdawdarycs@hibu.com,15
462,Helga Masedon,hmasedonct@wp.com,14
463,Dulcea Matityahu,dmatityahucu@npr.org,14
464,Delila Etienne,detiennecv@scribd.com,9
465,Delinda Strettell,dstrettellcw@mayoclinic.com,15
466,Patton Zecchini,pzecchinicx@devhub.com,25
467,Clary Retchless,cretchlesscy@nsw.gov.au,25
468,Lee Haworth,lhaworthcz@discovery.com,11
469,Parnell Rangall,prangalld0@histats.com,18
470,Kari Presnell,kpresnelld1@nationalgeographic.com,7
471,Garrot Linklet,glinkletd2@fc2.com,21
472,Ingram Bayley,ibayleyd3@4shared.com,15
473,Verge Crowther,vcrowtherd4@yellowpages.com,24
474,Fletch Mowne,fmowned5@phoca.cz,17
475,Neilla Mcettrick,nmcettrickd6@free.fr,11
476,Kelly McPaike,kmcpaiked7@dion.ne.jp,2
477,Inger Mattia,imattiad8@dell.com,27
478,Tiebold Souley,tsouleyd9@bluehost.com,17
479,King Letterick,kletterickda@chron.com,16
480,Leigh Silkston,lsilkstondb@nsw.gov.au,12
481,Merla MacMakin,mmacmakindc@nps.gov,24
482,Simmonds Thorburn,sthorburndd@ebay.co.uk,22
483,Gregorio Grimsdyke,ggrimsdykede@gizmodo.com,3
484,Hilliard Silvester,hsilvesterdf@w3.org,13
485,Davide Inott,dinottdg@psu.edu,28
486,Dario Prestland,dprestlanddh@indiatimes.com,20
487,Malina Repp,mreppdi@cnn.com,29
488,Lorine Barrasse,lbarrassedj@mayoclinic.com,22
489,Emmott Firidolfi,efiridolfidk@1und1.de,11
490,Emelen Pollicote,epollicotedl@nsw.gov.au,5
491,Claudio Dacombe,cdacombedm@bloomberg.com,7
492,Meggie Kwietak,mkwietakdn@pagesperso-orange.fr,5
493,Valene Mullany,vmullanydo@unc.edu,9
494,Julietta Pauletti,jpaulettidp@umich.edu,23
495,Midge Duferie,mduferiedq@dedecms.com,24
496,Iris Hawkswood,ihawkswooddr@seesaa.net,22
497,Justina Churchard,jchurchardds@scientificamerican.com,14
498,Emmerich Lamperti,elampertidt@dion.ne.jp,16
499,Essy Poundford,epoundforddu@gmpg.org,4
500,Ramonda Lippingwell,rlippingwelldv@cbslocal.com,16
501,Grantley Abdee,gabdeedw@taobao.com,14
502,Farica Rittmeier,frittmeierdx@cpanel.net,20
503,Donn Arrighini,darrighinidy@sciencedaily.com,2
504,Shelba Coyte,scoytedz@nps.gov,4
505,Torey Tukesby,ttukesbye0@sbwire.com,7
506,Modesty Gouinlock,mgouinlocke1@goo.gl,23
507,Marilyn Prattington,mprattingtone2@list-manage.com,14
508,Valina Cuttler,vcuttlere3@about.com,18
509,Eugenius Oldrey,eoldreye4@joomla.org,15
510,Aleta Jagger,ajaggere5@toplist.cz,30
511,Catriona Brimmell,cbrimmelle6@google.it,19
512,Dewey Beteriss,dbeterisse7@state.tx.us,6
513,Alfie Scarsbrick,ascarsbricke8@europa.eu,2
514,Clyde Elie,celiee9@g.co,14
515,Guthrey Vedeniktov,gvedeniktovea@networksolutions.com,17
516,Terza Tunnow,ttunnoweb@vkontakte.ru,13
517,Amby Kulvear,akulvearec@flickr.com,5
518,Rosalyn Winsbury,rwinsburyed@ted.com,14
519,Sanford Durie,sdurieee@fc2.com,9
520,Arnuad Bodicum,abodicumef@pen.io,8
521,Anestassia Gowdy,agowdyeg@slate.com,4
522,Onida Caughtry,ocaughtryeh@wikia.com,22
523,Filberte Sweetman,fsweetmanei@edublogs.org,2
524,Joannes Carek,jcarekej@fc2.com,22
525,Bill Berrycloth,bberryclothek@odnoklassniki.ru,8
526,Leland Leeke,lleekeel@unblog.fr,7
527,Kinny Hakonsson,khakonssonem@hao123.com,10
528,Dario Wasbrough,dwasbroughen@pagesperso-orange.fr,11
529,Dolli Doulden,ddouldeneo@multiply.com,24
530,Ladonna Mushart,lmushartep@histats.com,15
531,Nickolas Woodington,nwoodingtoneq@blinklist.com,4
532,Raimund Faires,rfaireser@abc.net.au,26
533,Hunt Madre,hmadrees@yellowbook.com,29
534,Moss Boynes,mboyneset@loc.gov,21
535,Chucho Anlay,canlayeu@themeforest.net,5
536,Morganica Omand,momandev@yelp.com,10
537,Dore Ormshaw,dormshawew@senate.gov,12
538,Rich Houseman,rhousemanex@tuttocitta.it,25
539,Ellene Bedome,ebedomeey@symantec.com,7
540,Fan Eveleigh,feveleighez@cbc.ca,17
541,Amargo Limpertz,alimpertzf0@aol.com,4
542,Giacinta Bamb,gbambf1@storify.com,21
543,Arnoldo Waistell,awaistellf2@blinklist.com,24
544,Darci Maddox,dmaddoxf3@creativecommons.org,26
545,Zach Poundford,zpoundfordf4@timesonline.co.uk,22
546,Ethan Brendeke,ebrendekef5@europa.eu,4
547,Hort Lince,hlincef6@twitpic.com,20
548,Shaughn Snodin,ssnodinf7@barnesandnoble.com,25
549,Lilla Sandham,lsandhamf8@soundcloud.com,24
550,Bobbe Cersey,bcerseyf9@hhs.gov,26
551,Zacharie Sansam,zsansamfa@biglobe.ne.jp,24
552,Vanessa Jacobovitch,vjacobovitchfb@biglobe.ne.jp,20
553,Deane Hutton,dhuttonfc@mac.com,11
554,Lib Rantoul,lrantoulfd@tmall.com,7
555,Clemens Guille,cguillefe@fda.gov,4
556,Jan Hauch,jhauchff@nymag.com,13
557,Dorotea Crauford,dcraufordfg@gnu.org,15
558,Sibilla Luckings,sluckingsfh@vimeo.com,24
559,Cointon Tees,cteesfi@t-online.de,19
560,Dex Huby,dhubyfj@thetimes.co.uk,13
561,Hamilton Corton,hcortonfk@woothemes.com,12
562,Alie Mazzeo,amazzeofl@hc360.com,13
563,Bryanty Hallaways,bhallawaysfm@dell.com,7
564,Rodie Bister,rbisterfn@soup.io,18
565,Codee Driscoll,cdriscollfo@goodreads.com,28
566,Penni Fayerman,pfayermanfp@cnbc.com,21
567,Ronni Bowser,rbowserfq@addtoany.com,14
568,Free McFadyen,fmcfadyenfr@cbsnews.com,2
569,Franky Hiddsley,fhiddsleyfs@seesaa.net,4
570,Carolina Dowdle,cdowdleft@jimdo.com,14
571,Ambrosi Jepperson,ajeppersonfu@devhub.com,18
572,Kennett Girardin,kgirardinfv@ycombinator.com,29
573,Nevins Witherop,nwitheropfw@weebly.com,18
574,Marius Greatbank,mgreatbankfx@hhs.gov,19
575,Lammond Coleman,lcolemanfy@google.com,9
576,Celene Jackalin,cjackalinfz@thetimes.co.uk,11
577,Corbie Wastie,cwastieg0@dailymail.co.uk,29
578,Gennie Buckney,gbuckneyg1@hhs.gov,6
579,Hartley Troubridge,htroubridgeg2@hugedomains.com,21
580,Julio Culwen,jculweng3@zimbio.com,30
581,Lynda Loader,lloaderg4@vinaora.com,10
582,Verena Carvilla,vcarvillag5@php.net,16
583,Brynna Leyes,bleyesg6@163.com,26
584,Jecho Sancroft,jsancroftg7@dailymail.co.uk,7
585,Noelani Habert,nhabertg8@php.net,3
586,Kaja Tadman,ktadmang9@liveinternet.ru,3
587,Meggi Myott,mmyottga@myspace.com,22
588,Fredericka Mc Andrew,fmcgb@zdnet.com,8
589,Corrine Ahmad,cahmadgc@sohu.com,20
590,Ethelred Klagge,eklaggegd@state.tx.us,27
591,Tanhya Leeke,tleekege@mlb.com,11
592,Chase Greave,cgreavegf@harvard.edu,1
593,Jenni Brann,jbranngg@1und1.de,12
594,Sherline Challicum,schallicumgh@state.tx.us,9
595,Dwain Labeuil,dlabeuilgi@nationalgeographic.com,17
596,Greer Knowlys,gknowlysgj@istockphoto.com,29
597,Tan Caesman,tcaesmangk@foxnews.com,5
598,Levin Russ,lrussgl@zimbio.com,27
599,Izaak Clemenzi,iclemenzigm@mozilla.org,7
600,Cathryn Corston,ccorstongn@reference.com,14
601,Alexa Yea,ayeago@domainmarket.com,9
602,Tedi Budgett,tbudgettgp@smugmug.com,30
603,Morse Burchett,mburchettgq@mit.edu,13
604,Rudolfo Nibley,rnibleygr@taobao.com,16
605,Abbi Iacabucci,aiacabuccigs@nifty.com,15
606,Shellysheldon Rheam,srheamgt@berkeley.edu,2
607,Giffard Oxborrow,goxborrowgu@baidu.com,10
608,Nick Pullman,npullmangv@alibaba.com,16
609,Helaine Szach,hszachgw@tiny.cc,6
610,Libby Wims,lwimsgx@google.pl,8
611,Hort Tidbury,htidburygy@latimes.com,11
612,Cecil Sallows,csallowsgz@gizmodo.com,23
613,Lynda Baine,lbaineh0@go.com,23
614,Avrom Beste,abesteh1@freewebs.com,8
615,Randee Drever,rdreverh2@umich.edu,13
616,Francesca Tott,ftotth3@bloglovin.com,20
617,Genni Huetson,ghuetsonh4@typepad.com,19
618,Bella Aylen,baylenh5@ovh.net,9
619,Aile Allwood,aallwoodh6@wikipedia.org,8
620,Katerine Leethem,kleethemh7@qq.com,8
621,Grace Sommerscales,gsommerscalesh8@va.gov,27
622,Raimondo Scamerdine,rscamerdineh9@furl.net,13
623,Ingunna Sonner,isonnerha@tripadvisor.com,11
624,Ollie Heading,oheadinghb@columbia.edu,20
625,Auberon Smeeth,asmeethhc@hud.gov,22
626,Aimee Herculson,aherculsonhd@epa.gov,19
627,Jenna Buckle,jbucklehe@is.gd,28
628,Benoit Mobley,bmobleyhf@unc.edu,23
629,Sherry Paunsford,spaunsfordhg@pcworld.com,3
630,Rozella Maddison,rmaddisonhh@umich.edu,28
631,Burton Chaize,bchaizehi@nydailynews.com,30
632,Jeannie Goldfinch,jgoldfinchhj@about.com,29
633,Bunny Fideler,bfidelerhk@cbslocal.com,4
634,Paula Rowson,prowsonhl@nasa.gov,4
635,Tadd Baynes,tbayneshm@sitemeter.com,28
636,Darelle Slowgrove,dslowgrovehn@timesonline.co.uk,14
637,Vyky Filipic,vfilipicho@cnbc.com,1
638,Ginelle Dawbery,gdawberyhp@opera.com,4
639,Eveleen Kerwood,ekerwoodhq@behance.net,26
640,Rhetta Whieldon,rwhieldonhr@yellowpages.com,27
641,Lacy Burtonwood,lburtonwoodhs@europa.eu,13
642,Phylys Bachs,pbachsht@1688.com,27
643,Cassandre Woodham,cwoodhamhu@com.com,30
644,Anjela Dron,adronhv@nytimes.com,19
645,Weider McGrill,wmcgrillhw@ucoz.com,20
646,Delora Brockbank,dbrockbankhx@webmd.com,28
647,Cullan Peret,cperethy@reuters.com,18
648,Jill O'Donovan,jodonovanhz@omniture.com,12
649,Cally Babar,cbabari0@house.gov,30
650,Susy Tonbridge,stonbridgei1@ning.com,21
651,Susanne Jameson,sjamesoni2@auda.org.au,9
652,Josepha Hayselden,jhayseldeni3@google.cn,14
653,Lon Radborn,lradborni4@vimeo.com,23
654,Mitch Bidmead,mbidmeadi5@mapquest.com,13
655,Rana Camosso,rcamossoi6@devhub.com,30
656,Damien McGilvary,dmcgilvaryi7@home.pl,24
657,Helsa Maggorini,hmaggorinii8@un.org,8
658,Alexandrina Wistance,awistancei9@tumblr.com,24
659,Estel Slopier,eslopieria@dell.com,11
660,Muire Burnhard,mburnhardib@npr.org,3
661,Micheline Wayon,mwayonic@tuttocitta.it,21
662,Coralie Robinson,crobinsonid@nifty.com,19
663,Danya Bransdon,dbransdonie@yolasite.com,16
664,Niles Jorn,njornif@angelfire.com,11
665,Jed Gantzman,jgantzmanig@zdnet.com,2
666,Asher Houlison,ahoulisonih@dedecms.com,1
667,Patsy Langmaid,plangmaidii@jiathis.com,6
668,Leoine Daughtery,ldaughteryij@bigcartel.com,19
669,Adella Dugdale,adugdaleik@indiegogo.com,10
670,Franchot Simes,fsimesil@baidu.com,13
671,North Seaking,nseakingim@yellowbook.com,19
672,Jemimah Greatham,jgreathamin@forbes.com,30
673,Brook Lowbridge,blowbridgeio@xinhuanet.com,20
674,Fernanda Eaden,feadenip@360.cn,16
675,Jason Sunderland,jsunderlandiq@bloglines.com,2
676,Nollie Zuanazzi,nzuanazziir@hatena.ne.jp,1
677,Augustine Sibley,asibleyis@usatoday.com,27
678,Onfroi Lane,olaneit@webmd.com,21
679,Brandie Scandrite,bscandriteiu@reference.com,5
680,Ad Guilloux,aguillouxiv@seattletimes.com,20
681,Kipp Sycamore,ksycamoreiw@hhs.gov,25
682,Idalia Enevoldsen,ienevoldsenix@pagesperso-orange.fr,6
683,Sanders Fishleigh,sfishleighiy@foxnews.com,9
684,Ronni Mobberley,rmobberleyiz@themeforest.net,25
685,Alisha Showell,ashowellj0@kickstarter.com,29
686,Adelle Benmore,abenmorej1@domainmarket.com,11
687,Justino Yewdell,jyewdellj2@simplemachines.org,15
688,Kaiser Kabisch,kkabischj3@narod.ru,24
689,Jorgan Grealey,jgrealeyj4@wordpress.com,24
690,Feliks Cluett,fcluettj5@loc.gov,29
691,Meggy Vautre,mvautrej6@stanford.edu,18
692,Mufi Klesse,mklessej7@google.es,24
693,Karlene Becerro,kbecerroj8@statcounter.com,8
694,Carola Blest,cblestj9@bing.com,29
695,Toni Guislin,tguislinja@xrea.com,29
696,Hyacinthe Tremathick,htremathickjb@wired.com,19
697,Abramo Barens,abarensjc@canalblog.com,14
698,Elle Vallens,evallensjd@so-net.ne.jp,30
699,Keenan Tarpey,ktarpeyje@studiopress.com,14
700,Evin Egglestone,eegglestonejf@ca.gov,21
701,Ike Doey,idoeyjg@utexas.edu,16
702,Addison Danick,adanickjh@sbwire.com,20
703,Helene Dunkerly,hdunkerlyji@mapquest.com,11
704,Bartolemo Oby,bobyjj@cam.ac.uk,6
705,Maribelle Kiezler,mkiezlerjk@shareasale.com,20
706,Laughton De Ortega,ldejl@posterous.com,15
707,Andeee Dallyn,adallynjm@woothemes.com,24
708,Rubetta De Launde,rdejn@hibu.com,16
709,Deny Gartin,dgartinjo@hexun.com,20
710,Danya O'Crigan,docriganjp@usa.gov,30
711,Melisande MacColgan,mmaccolganjq@naver.com,29
712,Alica Presslie,apressliejr@yelp.com,6
713,Stanislaus Ghelardi,sghelardijs@google.ru,6
714,Vale Kynston,vkynstonjt@free.fr,22
715,Laure Gley,lgleyju@multiply.com,10
716,Erik Edon,eedonjv@aol.com,22
717,Arabele Aucock,aaucockjw@soup.io,27
718,David Curry,dcurryjx@cloudflare.com,20
719,Chloris Crippes,ccrippesjy@tripod.com,27
720,Sherwood Carbert,scarbertjz@ted.com,24
721,Humfrey Karys,hkarysk0@t.co,13
722,Teodoro Sustin,tsustink1@canalblog.com,10
723,Cherianne Lohrensen,clohrensenk2@archive.org,19
724,Tadd Gallard,tgallardk3@ucla.edu,2
725,Noellyn Oby,nobyk4@theguardian.com,9
726,Clerissa Kynder,ckynderk5@discovery.com,25
727,Martita Giacobelli,mgiacobellik6@tripadvisor.com,7
728,Hugues Heinsius,hheinsiusk7@merriam-webster.com,18
729,Agata Cuvley,acuvleyk8@sphinn.com,18
730,Sonia Braganza,sbraganzak9@posterous.com,25
731,Laurice Lardier,llardierka@weibo.com,25
732,Lilla Wigzell,lwigzellkb@nymag.com,3
733,Eleonora Flucks,efluckskc@cdbaby.com,7
734,Harold Switsur,hswitsurkd@google.pl,1
735,Shelli Danskine,sdanskineke@de.vu,11
736,Tam McFall,tmcfallkf@lulu.com,4
737,Rolf Welds,rweldskg@nyu.edu,3
738,Rubetta Leete,rleetekh@google.it,24
739,Pembroke Beadman,pbeadmanki@lycos.com,29
740,Bab Michurin,bmichurinkj@redcross.org,20
741,Remington Cuniffe,rcuniffekk@cargocollective.com,19
742,Jere Rackam,jrackamkl@godaddy.com,2
743,Katti Pendlebery,kpendleberykm@elegantthemes.com,6
744,Niel Brunskill,nbrunskillkn@nhs.uk,25
745,Winonah Lawtey,wlawteyko@economist.com,15
746,Renado Pinxton,rpinxtonkp@ebay.co.uk,6
747,Ailbert Fairlaw,afairlawkq@google.pl,8
748,Verne Golson,vgolsonkr@rambler.ru,23
749,Tan Kean,tkeanks@smugmug.com,3
750,Alfi Fruchter,afruchterkt@bbb.org,22
751,Eirena Kittle,ekittleku@sohu.com,20
752,Mannie Hughlin,mhughlinkv@theguardian.com,4
753,Emalia Tawton,etawtonkw@goo.gl,18
754,Dominica Benazet,dbenazetkx@unblog.fr,29
755,Albertine Cleugh,acleughky@pen.io,15
756,Rafaela Mechell,rmechellkz@nydailynews.com,6
757,Lisbeth Amyes,lamyesl0@fotki.com,22
758,Onida Du Plantier,odul1@cmu.edu,13
759,Melonie Ruske,mruskel2@rambler.ru,9
760,Millisent Campanelli,mcampanellil3@macromedia.com,23
761,Jessey Seilmann,jseilmannl4@linkedin.com,25
762,Tedi Willgoose,twillgoosel5@mapy.cz,24
763,Merna Bellhanger,mbellhangerl6@google.pl,22
764,Fair Greiswood,fgreiswoodl7@google.com.hk,15
765,Ernesto Hazelgrove,ehazelgrovel8@wikipedia.org,4
766,Alaine Tarling,atarlingl9@bluehost.com,10
767,Yetta Uden,yudenla@istockphoto.com,29
768,Hyacinthia Bandy,hbandylb@google.it,26
769,Marshal Vaulkhard,mvaulkhardlc@umn.edu,13
770,Joya Bransden,jbransdenld@dmoz.org,16
771,Fayth Sparrow,fsparrowle@goodreads.com,4
772,Amelie Purves,apurveslf@reverbnation.com,16
773,Hetty Eede,heedelg@dedecms.com,21
774,Yul Willerson,ywillersonlh@addthis.com,25
775,Lorrin Marcu,lmarculi@bluehost.com,16
776,Henrietta Scutter,hscutterlj@bandcamp.com,24
777,Rusty Livingstone,rlivingstonelk@newyorker.com,28
778,Corby Mebs,cmebsll@live.com,18
779,Liane Castelletto,lcastellettolm@thetimes.co.uk,17
780,Sigismund Lawtie,slawtieln@prnewswire.com,9
781,Margo Mealiffe,mmealiffelo@cdc.gov,10
782,Emory McBryde,emcbrydelp@cbc.ca,20
783,Megan Waszkiewicz,mwaszkiewiczlq@cafepress.com,14
784,Tonia Millberg,tmillberglr@fema.gov,14
785,Nanny Collingdon,ncollingdonls@cargocollective.com,6
786,Berton Halley,bhalleylt@studiopress.com,6
787,Korey Boyne,kboynelu@europa.eu,20
788,Dagny Mamwell,dmamwelllv@ning.com,3
789,Allyson Kleisle,akleislelw@i2i.jp,20
790,Iain Martignon,imartignonlx@amazon.de,7
791,Townsend Karpinski,tkarpinskily@unblog.fr,30
792,Yetta Drieu,ydrieulz@sphinn.com,5
793,Hussein Bowland,hbowlandm0@cnn.com,20
794,Velma Matteau,vmatteaum1@cbc.ca,4
795,Chen Dadge,cdadgem2@tmall.com,19
796,Nealson Thrower,nthrowerm3@hhs.gov,19
797,Missy Bjorkan,mbjorkanm4@google.nl,20
798,Allie Rooksby,arooksbym5@boston.com,26
799,Fancy Chrstine,fchrstinem6@wired.com,9
800,Gayle Lendrem,glendremm7@51.la,5
801,Edith Chalker,echalkerm8@msn.com,23
802,Christen Cupitt,ccupittm9@foxnews.com,13
803,Audra Packman,apackmanma@businessinsider.com,4
804,Gunner Few,gfewmb@toplist.cz,28
805,Gardner Jelk,gjelkmc@jimdo.com,1
806,Laurens Pringour,lpringourmd@cbslocal.com,6
807,Dorene Scroggie,dscroggieme@networksolutions.com,19
808,Lin Mundwell,lmundwellmf@cdc.gov,11
809,Ernestus Heister,eheistermg@ning.com,24
810,Zora Hutcheons,zhutcheonsmh@lycos.com,26
811,Danny Hawkwood,dhawkwoodmi@cmu.edu,4
812,Cody Bassick,cbassickmj@noaa.gov,18
813,Daisy Yarham,dyarhammk@vinaora.com,19
814,Jolynn Denis,jdenisml@mysql.com,26
815,Rudy Vittore,rvittoremm@wired.com,9
816,Gunilla Abdon,gabdonmn@apple.com,24
817,Lurleen Santarelli,lsantarellimo@salon.com,27
818,Orlando Robinett,orobinettmp@altervista.org,23
819,Arnie Fenning,afenningmq@un.org,25
820,Donn Assard,dassardmr@telegraph.co.uk,4
821,Cris Tighe,ctighems@time.com,30
822,Westbrooke Spriggs,wspriggsmt@woothemes.com,13
823,Myrtle Domeney,mdomeneymu@goodreads.com,29
824,Yuma Lafferty,ylaffertymv@cmu.edu,3
825,Tomaso Milnes,tmilnesmw@lulu.com,27
826,Anna-diane Storton,astortonmx@auda.org.au,4
827,Russell Sugge,rsuggemy@chicagotribune.com,25
828,Martha Barltrop,mbarltropmz@webnode.com,8
829,Maurits Duffield,mduffieldn0@amazon.co.jp,2
830,Niven Alflat,nalflatn1@dion.ne.jp,18
831,Chloris Armit,carmitn2@rakuten.co.jp,17
832,Gunilla Idell,gidelln3@godaddy.com,22
833,Corrine Caldairou,ccaldairoun4@arstechnica.com,24
834,Hildagard Yakovich,hyakovichn5@myspace.com,24
835,Layton Schultz,lschultzn6@tripod.com,10
836,Howie Frichley,hfrichleyn7@gravatar.com,14
837,Jameson Guillart,jguillartn8@blinklist.com,2
838,Archaimbaud Arnli,aarnlin9@vimeo.com,19
839,Jacinta Di Batista,jdina@google.nl,7
840,Tierney Backler,tbacklernb@barnesandnoble.com,27
841,Benton Bartoszewski,bbartoszewskinc@usda.gov,25
842,Burt McBeath,bmcbeathnd@bigcartel.com,30
843,Clary Carleton,ccarletonne@creativecommons.org,9
844,Lanie Concannon,lconcannonnf@marketwatch.com,14
845,Johna Thornton-Dewhirst,jthorntondewhirstng@microsoft.com,9
846,Dorothea Fisby,dfisbynh@mac.com,7
847,Mario Hammand,mhammandni@ustream.tv,28
848,King Kienlein,kkienleinnj@adobe.com,21
849,Iris Fisbey,ifisbeynk@163.com,1
850,Debbie Rushforth,drushforthnl@google.cn,10
851,Shelden Branch,sbranchnm@illinois.edu,23
852,Gayle Gambrell,ggambrellnn@stanford.edu,11
853,Had Pasque,hpasqueno@github.io,16
854,Tod Krelle,tkrellenp@mlb.com,18
855,Glad Linne,glinnenq@tripadvisor.com,8
856,Hastings Birchill,hbirchillnr@pinterest.com,26
857,Daniella Aldritt,daldrittns@ezinearticles.com,23
858,Alvan Glazzard,aglazzardnt@blogger.com,18
859,Bryan Buggs,bbuggsnu@flickr.com,8
860,Nat Slocombe,nslocombenv@dell.com,6
861,Dunn Trangmar,dtrangmarnw@independent.co.uk,5
862,Tuckie Gilder,tgildernx@linkedin.com,18
863,Spike MacGeaney,smacgeaneyny@digg.com,1
864,Ally Caso,acasonz@shutterfly.com,6
865,Eamon Sach,esacho0@ameblo.jp,8
866,Evelyn Abley,eableyo1@sohu.com,6
867,Monro Rucklesse,mrucklesseo2@sourceforge.net,17
868,Kendrick Lehenmann,klehenmanno3@answers.com,14
869,Alfie Luckcuck,aluckcucko4@scribd.com,9
870,Lucias Newsham,lnewshamo5@earthlink.net,18
871,Wilmer Izat,wizato6@thetimes.co.uk,8
872,Heddie Matijasevic,hmatijasevico7@ow.ly,13
873,Sterne Winterbotham,swinterbothamo8@usa.gov,3
874,Natty Duggleby,ndugglebyo9@privacy.gov.au,27
875,Michale Konerding,mkonerdingoa@friendfeed.com,20
876,Dominik Johnsson,djohnssonob@shop-pro.jp,3
877,Gretal Lum,glumoc@fda.gov,27
878,Lilas Bagott,lbagottod@odnoklassniki.ru,18
879,Audi Bierton,abiertonoe@mac.com,30
880,Natalie Ashbrook,nashbrookof@ucoz.com,29
881,Faber Mackilpatrick,fmackilpatrickog@shop-pro.jp,15
882,Sabina McIlmorow,smcilmorowoh@lycos.com,17
883,Rustie Dalrymple,rdalrympleoi@pcworld.com,26
884,Ailbert Mityukov,amityukovoj@360.cn,4
885,Constantina Axtens,caxtensok@twitpic.com,5
886,Petey Choudhury,pchoudhuryol@dyndns.org,18
887,Carr Fawkes,cfawkesom@redcross.org,16
888,Nerta Kwiek,nkwiekon@xrea.com,13
889,Siana Crackel,scrackeloo@google.ru,29
890,Miles Edgecombe,medgecombeop@mayoclinic.com,6
891,Carri MacGibbon,cmacgibbonoq@washington.edu,22
892,Melicent Doubrava,mdoubravaor@multiply.com,21
893,Brittney Broz,bbrozos@webnode.com,29
894,Kaine Hulke,khulkeot@yellowpages.com,9
895,Meridel Biagini,mbiaginiou@deliciousdays.com,24
896,Odelle Pinfold,opinfoldov@stanford.edu,17
897,Henka Hallock,hhallockow@miibeian.gov.cn,1
898,Lynette Djordjevic,ldjordjevicox@xrea.com,15
899,Franky Jenkinson,fjenkinsonoy@soup.io,28
900,Ediva Petrasso,epetrassooz@goo.ne.jp,3
901,Nanon Jakubovits,njakubovitsp0@pcworld.com,20
902,Gwendolyn Kenset,gkensetp1@engadget.com,12
903,Madelina Sherborn,msherbornp2@amazon.com,15
904,Vivienne Skilling,vskillingp3@reverbnation.com,1
905,Tait Penn,tpennp4@amazonaws.com,24
906,Randi Dine-Hart,rdinehartp5@typepad.com,3
907,Anita Collip,acollipp6@jugem.jp,6
908,Sisely Giacomo,sgiacomop7@wiley.com,30
909,Stormy Conrad,sconradp8@ycombinator.com,20
910,Doug Skinn,dskinnp9@mail.ru,12
911,Tomaso Mehaffey,tmehaffeypa@accuweather.com,19
912,Lorena Hillock,lhillockpb@last.fm,20
913,Cassie Gleasane,cgleasanepc@addthis.com,1
914,Odille Beany,obeanypd@wikia.com,26
915,Sofia Barnsdall,sbarnsdallpe@hugedomains.com,23
916,Corbett Gresswell,cgresswellpf@netvibes.com,21
917,Gipsy Garrioch,ggarriochpg@themeforest.net,27
918,Ardine Buddington,abuddingtonph@tripadvisor.com,3
919,Brittan Kinge,bkingepi@imdb.com,21
920,Drusi Glasebrook,dglasebrookpj@shop-pro.jp,21
921,Sybil Godfrey,sgodfreypk@unc.edu,10
922,Perry Meekin,pmeekinpl@narod.ru,8
923,Chase Sunnex,csunnexpm@slashdot.org,10
924,Teddy Jachimiak,tjachimiakpn@blogs.com,15
925,Othilie Dobbin,odobbinpo@delicious.com,18
926,Catherin Van den Bosch,cvanpp@istockphoto.com,20
927,Beryle Stanyland,bstanylandpq@senate.gov,28
928,Genovera Braam,gbraampr@mlb.com,30
929,Andrew Shorten,ashortenps@surveymonkey.com,10
930,Silvana McGowan,smcgowanpt@epa.gov,8
931,Ly Worton,lwortonpu@wsj.com,15
932,Guthrey Nortcliffe,gnortcliffepv@networksolutions.com,28
933,Jock O'Kuddyhy,jokuddyhypw@soundcloud.com,13
934,Ashlen Korn,akornpx@surveymonkey.com,19
935,Aldis Krelle,akrellepy@gov.uk,27
936,Tobi Audritt,taudrittpz@eventbrite.com,27
937,Tarrah Tolomelli,ttolomelliq0@google.it,19
938,Kim Barham,kbarhamq1@comsenz.com,16
939,Tod Whillock,twhillockq2@harvard.edu,28
940,Niki Kendell,nkendellq3@stanford.edu,28
941,Jeralee Klaes,jklaesq4@google.it,4
942,Anders Sillick,asillickq5@odnoklassniki.ru,20
943,Valerie Pole,vpoleq6@parallels.com,29
944,Kania Castello,kcastelloq7@theatlantic.com,26
945,Carolann Sarginson,csarginsonq8@admin.ch,3
946,Mattie Flips,mflipsq9@salon.com,19
947,Wylma Bosward,wboswardqa@nytimes.com,19
948,Stavros Jeste,sjesteqb@liveinternet.ru,18
949,Morton Heinrici,mheinriciqc@reference.com,16
950,Levi McReidy,lmcreidyqd@opera.com,9
951,Morgan Menci,mmenciqe@fastcompany.com,20
952,Orrin Gabey,ogabeyqf@princeton.edu,17
953,Humberto Yousef,hyousefqg@xrea.com,20
954,Adiana Patemore,apatemoreqh@salon.com,25
955,Gerti Manhood,gmanhoodqi@ustream.tv,6
956,Bonita Edowes,bedowesqj@nih.gov,25
957,Francesco Weddeburn - Scrimgeour,fweddeburnqk@cbsnews.com,13
958,Binny Smoote,bsmooteql@biblegateway.com,3
959,Ana Arrington,aarringtonqm@ucsd.edu,25
960,Nikki Pochin,npochinqn@noaa.gov,23
961,Celka Fellgate,cfellgateqo@shutterfly.com,16
962,Carmen Pilmore,cpilmoreqp@edublogs.org,13
963,Sergent Delea,sdeleaqq@mashable.com,12
964,Deidre Lovekin,dlovekinqr@engadget.com,5
965,Ileana Opfer,iopferqs@fda.gov,1
966,Peterus Borge,pborgeqt@mit.edu,13
967,Patsy Galley,pgalleyqu@reference.com,9
968,Arda Castagna,acastagnaqv@telegraph.co.uk,7
969,Kaitlin Comins,kcominsqw@geocities.com,3
970,Donelle Leel,dleelqx@privacy.gov.au,27
971,Jeanelle Klempke,jklempkeqy@ning.com,12
972,Caz Aspenlon,caspenlonqz@ucla.edu,12
973,Crawford Klemencic,cklemencicr0@ocn.ne.jp,10
974,Lark Charer,lcharerr1@odnoklassniki.ru,28
975,Tommie Van Hesteren,tvanr2@discuz.net,25
976,Dagny Anstice,dansticer3@soup.io,27
977,Bell Josland,bjoslandr4@google.com.br,4
978,Inigo Bulpitt,ibulpittr5@histats.com,16
979,Kenna Turnor,kturnorr6@delicious.com,30
980,Adlai Lannon,alannonr7@woothemes.com,22
981,Alexei Godehard.sf,agodehardsfr8@ft.com,21
982,Erhard Francescone,efrancesconer9@plala.or.jp,13
983,Hall Golston,hgolstonra@noaa.gov,30
984,Cher Glew,cglewrb@shareasale.com,15
985,Nancy Gumm,ngummrc@tinyurl.com,14
986,Moyra Renihan,mrenihanrd@latimes.com,3
987,Duky Amos,damosre@reuters.com,19
988,Joelie Dunan,jdunanrf@webmd.com,29
989,Rivkah Greensitt,rgreensittrg@usa.gov,27
990,Rowland Macia,rmaciarh@salon.com,5
991,Laurel Diable,ldiableri@4shared.com,23
992,Perl Warry,pwarryrj@paginegialle.it,17
993,Cher Lerego,cleregork@mlb.com,10
994,Lyon Gallgher,lgallgherrl@princeton.edu,29
995,Loree Phette,lphetterm@census.gov,25
996,Spense Gayter,sgayterrn@go.com,5
997,Luciana Bartlomiejczyk,lbartlomiejczykro@flickr.com,24
998,Granny Romeril,gromerilrp@myspace.com,26
999,Anthea Beetham,abeethamrq@wiley.com,25
1000,Briant Hatchman,bhatchmanrr@hatena.ne.jp,19
