id,first_name,last_name,email_address,isStaff
1,Marchall,Muress,mmuress0@ed.gov,1
2,Rickey,McCourt,rmccourt1@yandex.ru,1
3,Ellerey,Lamplugh,elamplugh2@meetup.com,1
4,Trixy,Daws,tdaws3@intel.com,1
5,Eran,Pinkney,epinkney4@ed.gov,1
6,Peterus,Crockatt,pcrockatt5@twitpic.com,1
7,Reilly,Couthard,rcouthard6@so-net.ne.jp,1
8,Emmey,Haslen,ehaslen7@myspace.com,1
9,Kikelia,Connerry,kconnerry8@latimes.com,1
10,Durward,Petri,dpetri9@cloudflare.com,1
11,Jareb,Starkey,jstarkeya@yellowbook.com,1
12,Babs,Rignold,brignoldb@dion.ne.jp,1
13,Ranee,Yeldham,ryeldhamc@umich.edu,1
14,Nicoline,Bowen,nbowend@liveinternet.ru,1
15,Amelia,Swalwell,aswalwelle@google.it,1
16,Rosalynd,Tsar,rtsarf@jigsy.com,1
17,Meggie,Ficken,mfickeng@parallels.com,1
18,Curtis,Brewer,cbrewerh@zimbio.com,1
19,Anstice,Brewett,abrewetti@icio.us,1
20,Elisabetta,Melling,emellingj@examiner.com,1
21,Brunhilda,Abbie,babbiek@msn.com,1
22,Constantia,Melesk,cmeleskl@bandcamp.com,1
23,Jenica,Suter,jsuterm@shinystat.com,1
24,Irma,Mockler,imocklern@123-reg.co.uk,1
25,Dulsea,Schmidt,dschmidto@smugmug.com,1
26,Korry,Dulanty,kdulantyp@taobao.com,1
27,Latia,Crosetto,lcrosettoq@yahoo.com,1
28,Matthaeus,Ripping,mrippingr@pcworld.com,1
29,Sela,Bellon,sbellons@google.es,1
30,Vonnie,McSkin,vmcskint@wordpress.org,1
